time,open,high,low,close,tick_volume,spread,real_volume
2025-01-20 09:00:00,122910.0,123010.0,122905.0,122965.0,1499,0,17605
2025-01-20 09:01:00,122970.0,123010.0,122720.0,122720.0,7961,0,70905
2025-01-20 09:02:00,122720.0,122790.0,122615.0,122670.0,7078,0,65840
2025-01-20 09:03:00,122670.0,122690.0,122615.0,122645.0,3330,0,27170
2025-01-20 09:04:00,122645.0,122980.0,122625.0,122915.0,7112,0,71941
2025-01-20 09:05:00,122915.0,123090.0,122890.0,123075.0,8126,0,77506
2025-01-20 09:06:00,123080.0,123150.0,123025.0,123075.0,5305,0,60451
2025-01-20 09:07:00,123075.0,123195.0,123070.0,123185.0,4328,0,44524
2025-01-20 09:08:00,123185.0,123235.0,123125.0,123160.0,3756,0,42439
2025-01-20 09:09:00,123160.0,123165.0,123085.0,123130.0,2423,0,25550
2025-01-20 09:10:00,123135.0,123160.0,123090.0,123100.0,1961,0,17496
2025-01-20 09:11:00,123105.0,123110.0,123010.0,123020.0,3884,0,49679
2025-01-20 09:12:00,123020.0,123045.0,122975.0,122985.0,2838,0,27334
2025-01-20 09:13:00,122980.0,123095.0,122965.0,123085.0,3385,0,38871
2025-01-20 09:14:00,123085.0,123125.0,123045.0,123100.0,3418,0,33754
2025-01-20 09:15:00,123100.0,123180.0,123070.0,123165.0,3538,0,37539
2025-01-20 09:16:00,123170.0,123180.0,123010.0,123020.0,4485,0,53954
2025-01-20 09:17:00,123015.0,123050.0,122980.0,123005.0,2792,0,30479
2025-01-20 09:18:00,123000.0,123030.0,122935.0,122935.0,2585,0,26884
2025-01-20 09:19:00,122940.0,122945.0,122700.0,122795.0,9567,0,113456
2025-01-20 09:20:00,122800.0,122840.0,122765.0,122830.0,3640,0,35583
2025-01-20 09:21:00,122835.0,122835.0,122740.0,122770.0,2670,0,25152
2025-01-20 09:22:00,122770.0,122815.0,122770.0,122815.0,1572,0,15143
2025-01-20 09:23:00,122815.0,122825.0,122755.0,122785.0,1741,0,19167
2025-01-20 09:24:00,122785.0,122805.0,122730.0,122740.0,1713,0,20106
2025-01-20 09:25:00,122740.0,122800.0,122730.0,122785.0,1525,0,14647
2025-01-20 09:26:00,122790.0,122795.0,122760.0,122785.0,855,0,6458
2025-01-20 09:27:00,122785.0,122795.0,122730.0,122735.0,1199,0,11073
2025-01-20 09:28:00,122740.0,122760.0,122705.0,122715.0,2198,0,24971
2025-01-20 09:29:00,122710.0,122750.0,122705.0,122745.0,1387,0,12122
2025-01-20 09:30:00,122740.0,122860.0,122735.0,122820.0,4730,0,58574
2025-01-20 09:31:00,122820.0,122835.0,122745.0,122765.0,3261,0,34861
2025-01-20 09:32:00,122765.0,122810.0,122760.0,122800.0,1533,0,13391
2025-01-20 09:33:00,122795.0,122825.0,122760.0,122825.0,1567,0,20386
2025-01-20 09:34:00,122820.0,122835.0,122785.0,122810.0,1384,0,13961
2025-01-20 09:35:00,122810.0,122860.0,122800.0,122830.0,1880,0,20515
2025-01-20 09:36:00,122825.0,122885.0,122790.0,122870.0,2502,0,32128
2025-01-20 09:37:00,122875.0,122885.0,122825.0,122830.0,1767,0,15451
2025-01-20 09:38:00,122830.0,122850.0,122780.0,122780.0,2339,0,25557
2025-01-20 09:39:00,122785.0,122795.0,122735.0,122765.0,3073,0,31335
2025-01-20 09:40:00,122760.0,122780.0,122675.0,122745.0,4653,0,64179
2025-01-20 09:41:00,122745.0,122800.0,122740.0,122785.0,2551,0,29188
2025-01-20 09:42:00,122790.0,122840.0,122745.0,122770.0,3291,0,45185
2025-01-20 09:43:00,122770.0,122795.0,122740.0,122765.0,1184,0,10564
2025-01-20 09:44:00,122760.0,122795.0,122760.0,122780.0,772,0,6165
2025-01-20 09:45:00,122780.0,122780.0,122725.0,122725.0,1302,0,13583
2025-01-20 09:46:00,122730.0,122745.0,122690.0,122705.0,2686,0,27150
2025-01-20 09:47:00,122710.0,122715.0,122650.0,122685.0,3070,0,38036
2025-01-20 09:48:00,122685.0,122710.0,122675.0,122675.0,1469,0,12244
2025-01-20 09:49:00,122675.0,122705.0,122665.0,122705.0,1249,0,11462
2025-01-20 09:50:00,122700.0,122730.0,122690.0,122695.0,1809,0,15952
2025-01-20 09:51:00,122695.0,122715.0,122670.0,122700.0,1462,0,13089
2025-01-20 09:52:00,122700.0,122770.0,122695.0,122745.0,2768,0,31578
2025-01-20 09:53:00,122750.0,122770.0,122735.0,122755.0,1076,0,8555
2025-01-20 09:54:00,122750.0,122790.0,122715.0,122720.0,2103,0,20815
2025-01-20 09:55:00,122720.0,122800.0,122715.0,122795.0,1697,0,15008
2025-01-20 09:56:00,122790.0,122825.0,122780.0,122800.0,2378,0,24190
2025-01-20 09:57:00,122800.0,122840.0,122790.0,122825.0,1642,0,12955
2025-01-20 09:58:00,122820.0,122830.0,122755.0,122765.0,1966,0,24540
2025-01-20 09:59:00,122765.0,122800.0,122735.0,122770.0,2041,0,20348
2025-01-20 10:00:00,122770.0,122805.0,122720.0,122730.0,3060,0,34589
2025-01-20 10:01:00,122730.0,122735.0,122665.0,122735.0,4073,0,48842
2025-01-20 10:02:00,122730.0,122740.0,122655.0,122710.0,2518,0,29199
2025-01-20 10:03:00,122710.0,122830.0,122705.0,122805.0,4178,0,54654
2025-01-20 10:04:00,122800.0,122940.0,122785.0,122880.0,7808,0,97160
2025-01-20 10:05:00,122880.0,122930.0,122840.0,122865.0,4197,0,48926
2025-01-20 10:06:00,122865.0,122905.0,122830.0,122900.0,2845,0,26989
2025-01-20 10:07:00,122900.0,123035.0,122885.0,123020.0,6738,0,73759
2025-01-20 10:08:00,123025.0,123060.0,122965.0,123035.0,4659,0,49801
2025-01-20 10:09:00,123040.0,123080.0,122965.0,122985.0,3743,0,45583
2025-01-20 10:10:00,122980.0,123010.0,122935.0,122990.0,3403,0,39006
2025-01-20 10:11:00,122990.0,123040.0,122925.0,122950.0,3289,0,33836
2025-01-20 10:12:00,122945.0,122960.0,122865.0,122865.0,4001,0,47956
2025-01-20 10:13:00,122870.0,122870.0,122775.0,122800.0,5508,0,67300
2025-01-20 10:14:00,122800.0,122905.0,122795.0,122830.0,3739,0,43389
2025-01-20 10:15:00,122830.0,122860.0,122790.0,122800.0,2803,0,32676
2025-01-20 10:16:00,122800.0,122810.0,122725.0,122750.0,4562,0,53622
2025-01-20 10:17:00,122750.0,122780.0,122685.0,122705.0,3101,0,32428
2025-01-20 10:18:00,122705.0,122730.0,122615.0,122665.0,4819,0,60724
2025-01-20 10:19:00,122665.0,122685.0,122580.0,122590.0,4233,0,50926
2025-01-20 10:20:00,122590.0,122715.0,122580.0,122680.0,4671,0,56817
2025-01-20 10:21:00,122675.0,122685.0,122510.0,122565.0,6524,0,76222
2025-01-20 10:22:00,122565.0,122580.0,122495.0,122525.0,3857,0,42430
2025-01-20 10:23:00,122525.0,122610.0,122510.0,122595.0,2798,0,32950
2025-01-20 10:24:00,122600.0,122650.0,122530.0,122565.0,4371,0,50169
2025-01-20 10:25:00,122570.0,122590.0,122530.0,122540.0,2099,0,20073
2025-01-20 10:26:00,122535.0,122560.0,122470.0,122505.0,4088,0,51260
2025-01-20 10:27:00,122505.0,122550.0,122475.0,122480.0,2420,0,27920
2025-01-20 10:28:00,122475.0,122535.0,122465.0,122490.0,2511,0,29285
2025-01-20 10:29:00,122485.0,122500.0,122370.0,122385.0,4443,0,62982
2025-01-20 10:30:00,122380.0,122700.0,122310.0,122380.0,16867,0,248251
2025-01-20 10:31:00,122375.0,122410.0,122245.0,122330.0,8851,0,105177
2025-01-20 10:32:00,122325.0,122555.0,122325.0,122550.0,7319,0,87219
2025-01-20 10:33:00,122550.0,122635.0,122500.0,122620.0,4822,0,57847
2025-01-20 10:34:00,122620.0,122700.0,122555.0,122615.0,5307,0,65072
2025-01-20 10:35:00,122620.0,122755.0,122610.0,122725.0,5557,0,70936
2025-01-20 10:36:00,122725.0,122785.0,122585.0,122600.0,5933,0,82069
2025-01-20 10:37:00,122600.0,122765.0,122550.0,122735.0,5800,0,68320
2025-01-20 10:38:00,122735.0,122735.0,122610.0,122640.0,3476,0,42114
2025-01-20 10:39:00,122645.0,122835.0,122640.0,122810.0,4805,0,59183
2025-01-20 10:40:00,122815.0,122840.0,122735.0,122765.0,3842,0,48184
2025-01-20 10:41:00,122765.0,122925.0,122760.0,122890.0,5030,0,61919
2025-01-20 10:42:00,122885.0,122925.0,122780.0,122790.0,4142,0,49294
2025-01-20 10:43:00,122795.0,122795.0,122675.0,122705.0,4897,0,53063
2025-01-20 10:44:00,122710.0,122775.0,122665.0,122675.0,2745,0,30354
2025-01-20 10:45:00,122675.0,122730.0,122625.0,122650.0,5007,0,53707
2025-01-20 10:46:00,122650.0,122755.0,122645.0,122695.0,3378,0,39331
2025-01-20 10:47:00,122695.0,122745.0,122695.0,122715.0,1673,0,13929
2025-01-20 10:48:00,122715.0,122815.0,122695.0,122745.0,3966,0,41035
2025-01-20 10:49:00,122750.0,122870.0,122750.0,122770.0,3709,0,43781
2025-01-20 10:50:00,122765.0,122855.0,122765.0,122835.0,2711,0,31170
2025-01-20 10:51:00,122840.0,122910.0,122790.0,122880.0,4384,0,56919
2025-01-20 10:52:00,122875.0,122920.0,122825.0,122825.0,3230,0,38441
2025-01-20 10:53:00,122825.0,122935.0,122810.0,122880.0,2672,0,29745
2025-01-20 10:54:00,122885.0,122980.0,122870.0,122940.0,4258,0,56424
2025-01-20 10:55:00,122940.0,122975.0,122870.0,122900.0,3266,0,42073
2025-01-20 10:56:00,122895.0,123020.0,122895.0,122995.0,4236,0,54448
2025-01-20 10:57:00,122995.0,123025.0,122945.0,123000.0,2554,0,32269
2025-01-20 10:58:00,123000.0,123030.0,122895.0,122925.0,3198,0,36723
2025-01-20 10:59:00,122925.0,122965.0,122855.0,122870.0,3185,0,32423
2025-01-20 11:00:00,122875.0,123000.0,122785.0,122960.0,6526,0,84397
2025-01-20 11:01:00,122960.0,123015.0,122920.0,122955.0,2963,0,37215
2025-01-20 11:02:00,122960.0,123000.0,122940.0,122975.0,1655,0,15578
2025-01-20 11:03:00,122975.0,123040.0,122930.0,122980.0,2900,0,33048
2025-01-20 11:04:00,122975.0,123025.0,122915.0,122965.0,2566,0,29859
2025-01-20 11:05:00,122960.0,122970.0,122855.0,122930.0,3708,0,48517
2025-01-20 11:06:00,122930.0,123040.0,122925.0,123030.0,3153,0,34101
2025-01-20 11:07:00,123030.0,123140.0,123030.0,123135.0,4750,0,59180
2025-01-20 11:08:00,123135.0,123160.0,123080.0,123135.0,3510,0,45333
2025-01-20 11:09:00,123140.0,123215.0,123130.0,123180.0,3526,0,42745
2025-01-20 11:10:00,123185.0,123210.0,123060.0,123070.0,4358,0,54692
2025-01-20 11:11:00,123065.0,123105.0,123005.0,123045.0,3229,0,39168
2025-01-20 11:12:00,123045.0,123065.0,123000.0,123065.0,2393,0,22801
2025-01-20 11:13:00,123060.0,123170.0,123060.0,123165.0,2891,0,32194
2025-01-20 11:14:00,123160.0,123200.0,123125.0,123195.0,2928,0,33317
2025-01-20 11:15:00,123200.0,123310.0,123190.0,123255.0,5429,0,64229
2025-01-20 11:16:00,123260.0,123285.0,123160.0,123185.0,3779,0,46836
2025-01-20 11:17:00,123190.0,123230.0,123100.0,123140.0,4079,0,49488
2025-01-20 11:18:00,123140.0,123170.0,123095.0,123095.0,2370,0,26899
2025-01-20 11:19:00,123100.0,123230.0,123080.0,123195.0,2937,0,40236
2025-01-20 11:20:00,123190.0,123270.0,123175.0,123255.0,2780,0,31104
2025-01-20 11:21:00,123260.0,123365.0,123260.0,123325.0,4756,0,61628
2025-01-20 11:22:00,123325.0,123365.0,123280.0,123360.0,2769,0,31219
2025-01-20 11:23:00,123360.0,123365.0,123255.0,123265.0,2176,0,24746
2025-01-20 11:24:00,123260.0,123300.0,123235.0,123270.0,1916,0,19554
2025-01-20 11:25:00,123265.0,123280.0,123185.0,123255.0,2653,0,34284
2025-01-20 11:26:00,123255.0,123270.0,123205.0,123270.0,1528,0,17025
2025-01-20 11:27:00,123270.0,123285.0,123195.0,123220.0,1877,0,20550
2025-01-20 11:28:00,123220.0,123255.0,123135.0,123155.0,2910,0,36114
2025-01-20 11:29:00,123160.0,123220.0,123130.0,123150.0,2383,0,27434
2025-01-20 11:30:00,123150.0,123165.0,123050.0,123070.0,4376,0,50562
2025-01-20 11:31:00,123070.0,123085.0,123000.0,123020.0,3390,0,38462
2025-01-20 11:32:00,123020.0,123035.0,122965.0,123010.0,2898,0,33983
2025-01-20 11:33:00,123010.0,123055.0,122995.0,123050.0,2095,0,25871
2025-01-20 11:34:00,123050.0,123110.0,123020.0,123065.0,2897,0,36926
2025-01-20 11:35:00,123065.0,123130.0,123065.0,123120.0,2403,0,24418
2025-01-20 11:36:00,123115.0,123150.0,123075.0,123115.0,2453,0,25328
2025-01-20 11:37:00,123120.0,123135.0,123080.0,123135.0,1663,0,20811
2025-01-20 11:38:00,123135.0,123270.0,123135.0,123255.0,4513,0,56378
2025-01-20 11:39:00,123255.0,123280.0,123240.0,123250.0,2109,0,18744
2025-01-20 11:40:00,123245.0,123335.0,123220.0,123320.0,3362,0,45239
2025-01-20 11:41:00,123320.0,123420.0,123290.0,123415.0,4548,0,58418
2025-01-20 11:42:00,123410.0,123475.0,123405.0,123445.0,4177,0,49173
2025-01-20 11:43:00,123450.0,123590.0,123425.0,123575.0,5147,0,69830
2025-01-20 11:44:00,123580.0,123610.0,123560.0,123595.0,3373,0,42323
2025-01-20 11:45:00,123600.0,123650.0,123550.0,123570.0,4584,0,61323
2025-01-20 11:46:00,123570.0,123610.0,123530.0,123545.0,2768,0,30088
2025-01-20 11:47:00,123550.0,123700.0,123475.0,123680.0,6741,0,90268
2025-01-20 11:48:00,123680.0,123685.0,123620.0,123625.0,2520,0,29070
2025-01-20 11:49:00,123625.0,123685.0,123610.0,123615.0,2184,0,30129
2025-01-20 11:50:00,123620.0,123750.0,123610.0,123730.0,3904,0,49893
2025-01-20 11:51:00,123735.0,123790.0,123690.0,123765.0,3719,0,50684
2025-01-20 11:52:00,123760.0,123775.0,123695.0,123745.0,2592,0,29587
2025-01-20 11:53:00,123745.0,123775.0,123735.0,123760.0,1261,0,11259
2025-01-20 11:54:00,123765.0,123820.0,123735.0,123780.0,2313,0,27938
2025-01-20 11:55:00,123785.0,123830.0,123735.0,123825.0,2551,0,29228
2025-01-20 11:56:00,123830.0,123845.0,123795.0,123820.0,2104,0,22448
2025-01-20 11:57:00,123820.0,123825.0,123755.0,123770.0,2089,0,23652
2025-01-20 11:58:00,123775.0,123795.0,123705.0,123735.0,2565,0,34719
2025-01-20 11:59:00,123735.0,123825.0,123725.0,123765.0,2299,0,29273
2025-01-20 12:00:00,123765.0,123765.0,123680.0,123750.0,3838,0,51802
2025-01-20 12:01:00,123745.0,123800.0,123745.0,123780.0,1768,0,20086
2025-01-20 12:02:00,123780.0,123800.0,123730.0,123800.0,1604,0,17348
2025-01-20 12:03:00,123800.0,123870.0,123790.0,123840.0,3105,0,40741
2025-01-20 12:04:00,123840.0,123870.0,123825.0,123865.0,1731,0,15563
2025-01-20 12:05:00,123860.0,123920.0,123820.0,123915.0,3024,0,39378
2025-01-20 12:06:00,123920.0,123925.0,123875.0,123900.0,1959,0,21607
2025-01-20 12:07:00,123900.0,123925.0,123870.0,123900.0,1400,0,15292
2025-01-20 12:08:00,123900.0,123920.0,123860.0,123890.0,1631,0,17392
2025-01-20 12:09:00,123895.0,123900.0,123850.0,123885.0,1277,0,12021
2025-01-20 12:10:00,123890.0,123900.0,123785.0,123800.0,2773,0,38903
2025-01-20 12:11:00,123795.0,123805.0,123755.0,123765.0,2248,0,22311
2025-01-20 12:12:00,123770.0,123770.0,123700.0,123760.0,2806,0,32757
2025-01-20 12:13:00,123760.0,123800.0,123750.0,123765.0,1792,0,20278
2025-01-20 12:14:00,123765.0,123850.0,123765.0,123835.0,2105,0,22447
2025-01-20 12:15:00,123840.0,123870.0,123830.0,123845.0,1752,0,16524
2025-01-20 12:16:00,123845.0,123850.0,123750.0,123755.0,2384,0,28771
2025-01-20 12:17:00,123755.0,123805.0,123750.0,123770.0,1387,0,13087
2025-01-20 12:18:00,123765.0,123800.0,123755.0,123775.0,1080,0,10469
2025-01-20 12:19:00,123780.0,123780.0,123710.0,123710.0,1770,0,16158
2025-01-20 12:20:00,123715.0,123780.0,123705.0,123710.0,2003,0,24551
2025-01-20 12:21:00,123710.0,123720.0,123655.0,123685.0,3324,0,40850
2025-01-20 12:22:00,123685.0,123700.0,123615.0,123615.0,2496,0,25576
2025-01-20 12:23:00,123620.0,123670.0,123600.0,123635.0,2207,0,28379
2025-01-20 12:24:00,123640.0,123705.0,123620.0,123670.0,2418,0,34578
2025-01-20 12:25:00,123670.0,123700.0,123650.0,123690.0,1119,0,9233
2025-01-20 12:26:00,123690.0,123790.0,123665.0,123785.0,3050,0,40833
2025-01-20 12:27:00,123780.0,123805.0,123770.0,123790.0,2011,0,19334
2025-01-20 12:28:00,123785.0,123840.0,123755.0,123770.0,2358,0,26497
2025-01-20 12:29:00,123770.0,123800.0,123745.0,123790.0,1378,0,15277
2025-01-20 12:30:00,123790.0,123830.0,123765.0,123800.0,1625,0,18814
2025-01-20 12:31:00,123800.0,123850.0,123790.0,123830.0,1572,0,17506
2025-01-20 12:32:00,123830.0,123860.0,123810.0,123835.0,1394,0,13435
2025-01-20 12:33:00,123830.0,123845.0,123800.0,123830.0,1126,0,13390
2025-01-20 12:34:00,123830.0,123860.0,123820.0,123830.0,1129,0,9817
2025-01-20 12:35:00,123830.0,123845.0,123735.0,123740.0,2644,0,28648
2025-01-20 12:36:00,123735.0,123760.0,123705.0,123745.0,2111,0,21192
2025-01-20 12:37:00,123745.0,123750.0,123700.0,123705.0,1521,0,18308
2025-01-20 12:38:00,123705.0,123760.0,123705.0,123745.0,1058,0,9941
2025-01-20 12:39:00,123740.0,123760.0,123715.0,123740.0,850,0,6049
2025-01-20 12:40:00,123740.0,123745.0,123685.0,123720.0,1506,0,15040
2025-01-20 12:41:00,123720.0,123730.0,123655.0,123665.0,1582,0,22189
2025-01-20 12:42:00,123660.0,123715.0,123655.0,123710.0,1348,0,13613
2025-01-20 12:43:00,123710.0,123745.0,123670.0,123675.0,1413,0,17289
2025-01-20 12:44:00,123680.0,123680.0,123625.0,123670.0,1830,0,20027
2025-01-20 12:45:00,123665.0,123675.0,123600.0,123600.0,1368,0,13873
2025-01-20 12:46:00,123605.0,123645.0,123580.0,123630.0,2355,0,26896
2025-01-20 12:47:00,123625.0,123655.0,123610.0,123640.0,1303,0,15768
2025-01-20 12:48:00,123640.0,123660.0,123595.0,123605.0,1011,0,12059
2025-01-20 12:49:00,123605.0,123635.0,123580.0,123580.0,1507,0,20862
2025-01-20 12:50:00,123585.0,123615.0,123535.0,123550.0,2667,0,30023
2025-01-20 12:51:00,123555.0,123635.0,123545.0,123635.0,2231,0,25377
2025-01-20 12:52:00,123635.0,123645.0,123600.0,123605.0,1378,0,14084
2025-01-20 12:53:00,123600.0,123640.0,123600.0,123635.0,637,0,5355
2025-01-20 12:54:00,123635.0,123635.0,123585.0,123610.0,794,0,6728
2025-01-20 12:55:00,123610.0,123640.0,123600.0,123615.0,799,0,5824
2025-01-20 12:56:00,123615.0,123660.0,123605.0,123640.0,838,0,10768
2025-01-20 12:57:00,123645.0,123650.0,123615.0,123640.0,728,0,6793
2025-01-20 12:58:00,123640.0,123650.0,123605.0,123610.0,720,0,6440
2025-01-20 12:59:00,123605.0,123625.0,123595.0,123610.0,904,0,8120
2025-01-20 13:00:00,123610.0,123655.0,123600.0,123635.0,1106,0,12829
2025-01-20 13:01:00,123635.0,123680.0,123625.0,123650.0,1635,0,20108
2025-01-20 13:02:00,123650.0,123655.0,123620.0,123650.0,865,0,7706
2025-01-20 13:03:00,123645.0,123660.0,123630.0,123635.0,637,0,4936
2025-01-20 13:04:00,123640.0,123670.0,123630.0,123665.0,783,0,7322
2025-01-20 13:05:00,123665.0,123680.0,123660.0,123680.0,780,0,6118
2025-01-20 13:06:00,123675.0,123715.0,123675.0,123695.0,1916,0,23765
2025-01-20 13:07:00,123695.0,123730.0,123675.0,123720.0,1257,0,11026
2025-01-20 13:08:00,123725.0,123760.0,123715.0,123735.0,1850,0,19712
2025-01-20 13:09:00,123735.0,123740.0,123705.0,123715.0,1122,0,10839
2025-01-20 13:10:00,123720.0,123760.0,123720.0,123740.0,1139,0,9295
2025-01-20 13:11:00,123745.0,123745.0,123650.0,123660.0,2398,0,28339
2025-01-20 13:12:00,123660.0,123680.0,123630.0,123675.0,1883,0,19757
2025-01-20 13:13:00,123680.0,123710.0,123660.0,123680.0,1219,0,11901
2025-01-20 13:14:00,123685.0,123750.0,123660.0,123745.0,1950,0,24993
2025-01-20 13:15:00,123745.0,123795.0,123735.0,123775.0,2718,0,33095
2025-01-20 13:16:00,123775.0,123810.0,123770.0,123775.0,1863,0,19613
2025-01-20 13:17:00,123775.0,123780.0,123680.0,123690.0,2663,0,31075
2025-01-20 13:18:00,123690.0,123735.0,123685.0,123715.0,1246,0,10734
2025-01-20 13:19:00,123720.0,123735.0,123705.0,123725.0,851,0,8034
2025-01-20 13:20:00,123725.0,123750.0,123720.0,123745.0,904,0,8175
2025-01-20 13:21:00,123745.0,123745.0,123675.0,123680.0,1329,0,16467
2025-01-20 13:22:00,123680.0,123705.0,123660.0,123685.0,1394,0,12243
2025-01-20 13:23:00,123690.0,123700.0,123670.0,123675.0,760,0,5434
2025-01-20 13:24:00,123680.0,123680.0,123620.0,123630.0,1901,0,22066
2025-01-20 13:25:00,123630.0,123655.0,123630.0,123645.0,1026,0,7894
2025-01-20 13:26:00,123650.0,123650.0,123605.0,123640.0,1456,0,13432
2025-01-20 13:27:00,123640.0,123695.0,123605.0,123685.0,1499,0,20163
2025-01-20 13:28:00,123685.0,123705.0,123660.0,123690.0,1690,0,17276
2025-01-20 13:29:00,123685.0,123715.0,123665.0,123700.0,1093,0,12259
2025-01-20 13:30:00,123695.0,123790.0,123695.0,123740.0,3076,0,41393
2025-01-20 13:31:00,123745.0,123755.0,123715.0,123730.0,1047,0,10438
2025-01-20 13:32:00,123725.0,123755.0,123720.0,123735.0,709,0,6692
2025-01-20 13:33:00,123740.0,123770.0,123720.0,123755.0,924,0,9319
2025-01-20 13:34:00,123755.0,123780.0,123745.0,123760.0,1013,0,11937
2025-01-20 13:35:00,123755.0,123790.0,123745.0,123760.0,941,0,8012
2025-01-20 13:36:00,123765.0,123775.0,123730.0,123765.0,978,0,9197
2025-01-20 13:37:00,123770.0,123840.0,123760.0,123825.0,2463,0,28651
2025-01-20 13:38:00,123825.0,123870.0,123820.0,123845.0,2179,0,23195
2025-01-20 13:39:00,123845.0,123850.0,123785.0,123805.0,1719,0,22413
2025-01-20 13:40:00,123800.0,123875.0,123800.0,123835.0,1710,0,19818
2025-01-20 13:41:00,123835.0,123880.0,123820.0,123830.0,1631,0,17706
2025-01-20 13:42:00,123825.0,123845.0,123790.0,123840.0,1532,0,18072
2025-01-20 13:43:00,123840.0,123840.0,123805.0,123815.0,814,0,6424
2025-01-20 13:44:00,123820.0,123825.0,123800.0,123815.0,693,0,4192
2025-01-20 13:45:00,123815.0,123825.0,123775.0,123800.0,1640,0,15596
2025-01-20 13:46:00,123800.0,123830.0,123795.0,123805.0,1087,0,9844
2025-01-20 13:47:00,123805.0,123850.0,123805.0,123825.0,1038,0,9355
2025-01-20 13:48:00,123830.0,123830.0,123760.0,123780.0,1458,0,16453
2025-01-20 13:49:00,123780.0,123810.0,123775.0,123795.0,849,0,9003
2025-01-20 13:50:00,123795.0,123800.0,123730.0,123745.0,1872,0,22938
2025-01-20 13:51:00,123740.0,123740.0,123695.0,123705.0,2290,0,20835
2025-01-20 13:52:00,123710.0,123730.0,123675.0,123695.0,2152,0,25449
2025-01-20 13:53:00,123690.0,123755.0,123685.0,123745.0,1577,0,16903
2025-01-20 13:54:00,123745.0,123765.0,123715.0,123740.0,1072,0,11065
2025-01-20 13:55:00,123740.0,123745.0,123700.0,123725.0,1146,0,11226
2025-01-20 13:56:00,123725.0,123745.0,123705.0,123725.0,852,0,8745
2025-01-20 13:57:00,123725.0,123730.0,123695.0,123705.0,721,0,6870
2025-01-20 13:58:00,123705.0,123715.0,123680.0,123710.0,1275,0,11240
2025-01-20 13:59:00,123705.0,123730.0,123705.0,123715.0,758,0,6677
2025-01-20 14:00:00,123720.0,123730.0,123670.0,123670.0,1281,0,14744
2025-01-20 14:01:00,123675.0,123720.0,123670.0,123720.0,990,0,9015
2025-01-20 14:02:00,123720.0,123765.0,123715.0,123745.0,1674,0,19250
2025-01-20 14:03:00,123745.0,123755.0,123725.0,123740.0,830,0,6583
2025-01-20 14:04:00,123740.0,123740.0,123710.0,123710.0,732,0,6502
2025-01-20 14:05:00,123715.0,123715.0,123680.0,123690.0,309,0,2817
2025-01-20 14:06:00,123685.0,123725.0,123685.0,123705.0,830,0,9318
2025-01-20 14:07:00,123705.0,123715.0,123685.0,123700.0,445,0,4940
2025-01-20 14:08:00,123705.0,123705.0,123620.0,123635.0,2658,0,35539
2025-01-20 14:09:00,123635.0,123655.0,123635.0,123650.0,468,0,4397
2025-01-20 14:11:00,123460.0,123470.0,123455.0,123470.0,238,0,1787
2025-01-20 14:12:00,123465.0,123480.0,123405.0,123415.0,2852,0,33495
2025-01-20 14:13:00,123420.0,123460.0,123400.0,123425.0,1766,0,20045
2025-01-20 14:14:00,123425.0,123455.0,123405.0,123440.0,1286,0,11782
2025-01-20 14:15:00,123445.0,123495.0,123415.0,123485.0,1967,0,19613
2025-01-20 14:16:00,123485.0,123510.0,123440.0,123480.0,1869,0,18661
2025-01-20 14:17:00,123475.0,123480.0,123470.0,123475.0,60,0,578
2025-01-20 14:46:00,123790.0,123790.0,123735.0,123735.0,791,0,5233
2025-01-20 14:47:00,123735.0,123795.0,123730.0,123745.0,1818,0,14318
2025-01-20 14:48:00,123740.0,123780.0,123740.0,123755.0,1191,0,8429
2025-01-20 14:49:00,123755.0,123790.0,123735.0,123765.0,1149,0,8959
2025-01-20 14:50:00,123770.0,123785.0,123695.0,123705.0,1812,0,13063
2025-01-20 14:51:00,123705.0,123715.0,123645.0,123685.0,3124,0,28261
2025-01-20 14:52:00,123685.0,123700.0,123665.0,123665.0,1114,0,7463
2025-01-20 14:53:00,123665.0,123750.0,123660.0,123720.0,1731,0,14359
2025-01-20 14:54:00,123720.0,123755.0,123700.0,123740.0,1310,0,10151
2025-01-20 14:55:00,123745.0,123770.0,123690.0,123700.0,1663,0,13649
2025-01-20 14:56:00,123705.0,123730.0,123690.0,123705.0,1020,0,7087
2025-01-20 14:57:00,123700.0,123705.0,123660.0,123695.0,1506,0,10942
2025-01-20 14:58:00,123695.0,123705.0,123670.0,123680.0,903,0,5172
2025-01-20 14:59:00,123680.0,123680.0,123625.0,123640.0,1993,0,14249
2025-01-20 15:00:00,123640.0,123695.0,123635.0,123655.0,1537,0,11019
2025-01-20 15:01:00,123660.0,123665.0,123645.0,123665.0,747,0,4624
2025-01-20 15:02:00,123665.0,123720.0,123660.0,123690.0,1567,0,12908
2025-01-20 15:03:00,123685.0,123705.0,123670.0,123695.0,630,0,3887
2025-01-20 15:04:00,123690.0,123700.0,123615.0,123650.0,1625,0,15316
2025-01-20 15:05:00,123650.0,123675.0,123625.0,123630.0,1261,0,10026
2025-01-20 15:06:00,123635.0,123685.0,123630.0,123670.0,1087,0,8194
2025-01-20 15:07:00,123675.0,123695.0,123665.0,123685.0,729,0,5674
2025-01-20 15:08:00,123680.0,123695.0,123670.0,123690.0,644,0,5308
2025-01-20 15:09:00,123690.0,123710.0,123670.0,123680.0,978,0,8986
2025-01-20 15:10:00,123680.0,123690.0,123660.0,123670.0,835,0,5394
2025-01-20 15:11:00,123665.0,123670.0,123620.0,123625.0,1218,0,8307
2025-01-20 15:12:00,123625.0,123655.0,123620.0,123645.0,1158,0,6974
2025-01-20 15:13:00,123640.0,123650.0,123615.0,123630.0,904,0,5699
2025-01-20 15:14:00,123630.0,123670.0,123625.0,123645.0,974,0,7842
2025-01-20 15:15:00,123645.0,123670.0,123630.0,123665.0,743,0,4969
2025-01-20 15:16:00,123660.0,123670.0,123545.0,123565.0,3343,0,28398
2025-01-20 15:17:00,123560.0,123580.0,123545.0,123565.0,1879,0,12716
2025-01-20 15:18:00,123565.0,123580.0,123525.0,123545.0,1956,0,14163
2025-01-20 15:19:00,123550.0,123585.0,123535.0,123575.0,1343,0,11355
2025-01-20 15:20:00,123575.0,123590.0,123490.0,123500.0,2555,0,22616
2025-01-20 15:21:00,123505.0,123510.0,123440.0,123445.0,2380,0,19132
2025-01-20 15:22:00,123440.0,123450.0,123365.0,123390.0,3530,0,36057
2025-01-20 15:23:00,123385.0,123410.0,123360.0,123365.0,1498,0,12425
2025-01-20 15:24:00,123370.0,123445.0,123365.0,123420.0,2193,0,20988
2025-01-20 15:25:00,123420.0,123420.0,123350.0,123390.0,1788,0,14868
2025-01-20 15:26:00,123385.0,123455.0,123380.0,123430.0,1959,0,16971
2025-01-20 15:27:00,123425.0,123500.0,123425.0,123490.0,2392,0,23197
2025-01-20 15:28:00,123490.0,123520.0,123435.0,123460.0,2559,0,23333
2025-01-20 15:29:00,123455.0,123490.0,123445.0,123470.0,1276,0,9621
2025-01-20 15:30:00,123470.0,123495.0,123425.0,123435.0,1560,0,14053
2025-01-20 15:31:00,123435.0,123460.0,123415.0,123435.0,1590,0,11489
2025-01-20 15:32:00,123435.0,123450.0,123425.0,123440.0,424,0,3536
2025-01-20 15:37:00,123450.0,123465.0,123445.0,123450.0,241,0,1864
2025-01-20 15:38:00,123450.0,123460.0,123390.0,123405.0,1326,0,15556
2025-01-20 15:39:00,123400.0,123405.0,123380.0,123400.0,1204,0,11011
2025-01-20 15:40:00,123400.0,123420.0,123380.0,123395.0,1123,0,9034
2025-01-20 15:41:00,123390.0,123415.0,123380.0,123410.0,792,0,4731
2025-01-20 15:42:00,123405.0,123425.0,123395.0,123395.0,547,0,4243
2025-01-20 15:43:00,123395.0,123400.0,123300.0,123340.0,2797,0,29800
2025-01-20 15:44:00,123335.0,123375.0,123330.0,123370.0,1273,0,11116
2025-01-20 15:45:00,123370.0,123380.0,123315.0,123330.0,1192,0,9057
2025-01-20 15:46:00,123325.0,123335.0,123300.0,123320.0,1385,0,12419
2025-01-20 15:47:00,123320.0,123345.0,123315.0,123320.0,729,0,5412
2025-01-20 15:48:00,123325.0,123325.0,123290.0,123295.0,1173,0,9946
2025-01-20 15:49:00,123295.0,123335.0,123290.0,123325.0,1146,0,8401
2025-01-20 15:50:00,123325.0,123440.0,123320.0,123435.0,3209,0,37181
2025-01-20 15:51:00,123430.0,123460.0,123405.0,123410.0,2013,0,18401
2025-01-20 15:52:00,123405.0,123440.0,123405.0,123425.0,836,0,6153
